{"val_loss": [0.2500376585736871, 0.1993879751086235, 0.18587137889117003, 0.1829836112193763, 0.17978982252031564, 0.1773072279393673, 0.17810057756155728, 0.17871116848737, 0.1772218105196953, 0.17309378893077373, 0.16975923331975937, 0.1656886734738946, 0.16330308203399183, 0.16166173636615278, 0.1598725424423814, 0.1585340005353093, 0.15787424044311046, 0.15692029130011798, 0.15622325171381235, 0.15556392030715943, 0.15470823744982481, 0.15424867572784423, 0.15402041172236206, 0.15357984805852173, 0.15323556941002608, 0.1527689228899777, 0.1525583836644888, 0.15238594631701707, 0.15204892362207173, 0.1517822547212243, 0.1516049353905022, 0.1514434712715447, 0.15121659326404333, 0.15120372416451575, 0.15109125484526156, 0.15103887131214142, 0.1510466185286641, 0.15067208536043764, 0.15057958710640668, 0.15028158122971655, 0.1504993238016963, 0.15037884924635292, 0.14984559717401863, 0.1497831739410758, 0.14972746263742448, 0.14953247156888247, 0.14927256530672312, 0.14931174128353597, 0.14963549224361777, 0.14911687516272068, 0.14893552620187403, 0.14888819110020995, 0.14877996326312423, 0.14888818619549274, 0.14873173708319665, 0.1489513709463179, 0.14860470675975085, 0.14789741379767657, 0.14832035070434213, 0.14851568365395068, 0.1478419653877616, 0.14793520598188042, 0.1481442947357893, 0.14774148672670126, 0.1477688809476793, 0.1477156170465052, 0.14781049919575454, 0.14808592781573535, 0.14770256093516945, 0.14783376864865422, 0.14768820380195977, 0.1474223490998149, 0.14774177894294263, 0.14773336555808783, 0.14754271264821292, 0.14745818073153497, 0.14774584225937723, 0.14751179539859294, 0.1478418152540922, 0.14767047595381735, 0.14716943516656755, 0.14727880903184415, 0.14766569943130017, 0.14750236287489532, 0.1477490504808724, 0.14759341014921665, 0.14757425228878857, 0.14758356658667326, 0.14783315159380436, 0.14781061850041152, 0.1479921901755035, 0.14792162347212434, 0.1477382099837065, 0.1476156163305044, 0.1475383888579905, 0.14803864898905159, 0.14855515077486633, 0.14782031108140944, 0.1481459521830082, 0.14787238331884145], "val_acc": [0.9594, 0.9682, 0.9685, 0.9675, 0.9675, 0.966, 0.9654, 0.9644, 0.9644, 0.9662, 0.9673, 0.9682, 0.9692, 0.9701, 0.9704, 0.9707, 0.9708, 0.9711, 0.9709, 0.971, 0.9715, 0.9716, 0.9717, 0.9718, 0.9719, 0.9721, 0.9719, 0.9721, 0.9722, 0.9724, 0.9722, 0.9722, 0.972, 0.9723, 0.9724, 0.9723, 0.9723, 0.9726, 0.9725, 0.9726, 0.9727, 0.9727, 0.9729, 0.9727, 0.9728, 0.9727, 0.9728, 0.9727, 0.9727, 0.9727, 0.9727, 0.9729, 0.9729, 0.9727, 0.9732, 0.973, 0.9728, 0.9733, 0.9731, 0.9733, 0.9733, 0.9735, 0.974, 0.9739, 0.9738, 0.9739, 0.974, 0.9738, 0.9738, 0.9736, 0.9738, 0.9737, 0.9736, 0.9737, 0.9737, 0.9736, 0.9736, 0.9738, 0.9736, 0.9737, 0.9739, 0.9735, 0.9737, 0.9736, 0.9735, 0.9735, 0.9736, 0.9738, 0.9738, 0.9738, 0.9739, 0.9737, 0.9737, 0.9738, 0.9738, 0.9737, 0.9736, 0.9733, 0.9737, 0.9736], "loss": [0.43119874149113896, 0.24150391807705163, 0.20640550392270088, 0.1942876289896667, 0.1867876093491912, 0.1814243023648858, 0.1778748842343688, 0.1747662272080779, 0.17236603832021355, 0.1705528050608933, 0.16907344510257244, 0.16773952967152, 0.16645914627462627, 0.16521704919710756, 0.1640425204947591, 0.16293753172084688, 0.16191484728902578, 0.16091127161085605, 0.16013713282570244, 0.1593294107094407, 0.15836744438260794, 0.157578760753572, 0.15681570151299237, 0.15613793353885413, 0.1555445973061025, 0.15497668492570518, 0.15431028488129378, 0.15366060781776905, 0.15318108479008077, 0.15267820333316923, 0.15213035955131055, 0.1516629425764084, 0.1512128340125084, 0.15068978286087514, 0.15025585669726133, 0.14980096324756742, 0.14952566267326475, 0.14909919950813055, 0.14874035103842617, 0.14833926211372017, 0.14803281561210752, 0.14780279919058084, 0.1473774220980704, 0.14704218292459845, 0.1467397717177868, 0.14654197131246327, 0.14616009867563845, 0.14584932129457592, 0.145664084430784, 0.1453675198979676, 0.14513095275461674, 0.14487266687974334, 0.1446111688040197, 0.14438595976457, 0.14418365985304119, 0.14402129576206207, 0.14381087930575012, 0.14359803214520217, 0.1434120049662888, 0.143074360537529, 0.14302798054888843, 0.1428503197558224, 0.14268028950616718, 0.14247418877184392, 0.1421663223169744, 0.1421794534727931, 0.14186636180356144, 0.1416451174505055, 0.14152251883372666, 0.14140767703950405, 0.1412820852316916, 0.141059785874933, 0.14081849281862377, 0.14089594249278306, 0.14052407260760666, 0.14026282704770565, 0.14016757260039447, 0.1400730722412467, 0.13998550893887876, 0.13966263235211374, 0.13948949053436518, 0.1393149196051061, 0.13915771378204225, 0.13908414974287153, 0.1388521103821695, 0.13872733918726443, 0.13842080226317047, 0.13842922384291886, 0.13817819186970592, 0.1380555089764297, 0.13787003188729285, 0.13774866144657136, 0.1377454557172954, 0.13737857000678777, 0.13739393900856375, 0.13725474089086057, 0.13726221766769886, 0.13704257290139793, 0.13676610921025276, 0.13675976434722542], "acc": [0.902525, 0.9547, 0.959675, 0.961475, 0.9636, 0.96425, 0.964625, 0.964675, 0.96495, 0.96515, 0.965475, 0.965625, 0.965725, 0.965875, 0.966, 0.96625, 0.96655, 0.9669, 0.96705, 0.9672, 0.9675, 0.967775, 0.96795, 0.968125, 0.96825, 0.968275, 0.96855, 0.96865, 0.9688, 0.968825, 0.969025, 0.969175, 0.969175, 0.96935, 0.969325, 0.969675, 0.969575, 0.96955, 0.96955, 0.9697, 0.969775, 0.96965, 0.9698, 0.969775, 0.969925, 0.9699, 0.97005, 0.970075, 0.970225, 0.97015, 0.97025, 0.9702, 0.970325, 0.97025, 0.970425, 0.970425, 0.9703, 0.970275, 0.9706, 0.9705, 0.970375, 0.9703, 0.9705, 0.9704, 0.97055, 0.970625, 0.97045, 0.970575, 0.970525, 0.97055, 0.970425, 0.97065, 0.970625, 0.97085, 0.970825, 0.970825, 0.970925, 0.9709, 0.971, 0.97095, 0.970925, 0.97105, 0.971075, 0.9711, 0.971025, 0.97105, 0.97125, 0.97115, 0.971175, 0.9712, 0.9714, 0.97135, 0.971175, 0.971325, 0.97125, 0.971375, 0.971325, 0.9713, 0.971375, 0.971375]}