{"val_loss": [0.34970080184936525, 0.25536728657782076, 0.21365531550347805, 0.18826353018134834, 0.1705630948610604, 0.15802971578016878, 0.14662408378198744, 0.13872510286420583, 0.1310968884706497, 0.12507161736041308, 0.11987007782496512, 0.11566337275020779, 0.1108978364219889, 0.10785995641574264, 0.10467941084969788, 0.1016592435458675, 0.09897155190221965, 0.09610656254012137, 0.09426321805911139, 0.092781140669249, 0.09037855121139438, 0.08937442544931545, 0.08773116019163281, 0.08656909495899454, 0.08523985620555467, 0.08413142314148135, 0.08293682689853013, 0.08246299269925803, 0.08217397380732, 0.08175555639006198, 0.08011113281436265, 0.07995442799963057, 0.07929418036281131, 0.07944478257736191, 0.07833001989042386, 0.07775198494086508, 0.07784026731126942, 0.07741695122125093, 0.07782836580472068, 0.07708790024428162, 0.0759399893246591, 0.07666761726543773, 0.07577267961842007, 0.07656769408290275, 0.07597872483454411, 0.07612958462284877, 0.07557646441541147, 0.07577548693453427, 0.07462645589108578, 0.07546455359522952], "val_acc": [0.9037, 0.9249, 0.9377, 0.9454, 0.9503, 0.9536, 0.9566, 0.9591, 0.9615, 0.964, 0.9658, 0.9677, 0.969, 0.9687, 0.9696, 0.9703, 0.9716, 0.9721, 0.9727, 0.9731, 0.9737, 0.9738, 0.9744, 0.9745, 0.9754, 0.976, 0.976, 0.9759, 0.9764, 0.9764, 0.977, 0.9769, 0.9769, 0.9767, 0.9772, 0.9778, 0.9774, 0.9774, 0.9772, 0.9772, 0.9783, 0.9785, 0.9784, 0.9785, 0.9788, 0.9786, 0.9783, 0.979, 0.9786, 0.9788], "loss": [0.7701960976958275, 0.30895156114399436, 0.24130386495739223, 0.20425032528042794, 0.17909204363822936, 0.16189721219316125, 0.14664173628911376, 0.13423794208914042, 0.12546965357810258, 0.11622257892116904, 0.10924641294330359, 0.10335079970881343, 0.09573760205060243, 0.09201880963221193, 0.08687745555564762, 0.08224321459531785, 0.07789866200722755, 0.07469186743274331, 0.07056983499582857, 0.06695961673930287, 0.06469372169822454, 0.061442241551540794, 0.05907659038770944, 0.05641966741643846, 0.05464380630142987, 0.052357249565795065, 0.05029828894399106, 0.047981868506036696, 0.04681830037944019, 0.04448222669456154, 0.042803850706201046, 0.040441170087177306, 0.039139795917179435, 0.03956754947584122, 0.03823410974983126, 0.0355655529637821, 0.03484534228155389, 0.03367177611310035, 0.03342998590311035, 0.03204765772386454, 0.030884180400939657, 0.03021034440994263, 0.028955393281811848, 0.027521655241260306, 0.026911365334689616, 0.02562254754882306, 0.025680591910798103, 0.024421558698173612, 0.024884402302931995, 0.02357507479740307], "acc": [0.80275, 0.91205, 0.929875, 0.940125, 0.947275, 0.95285, 0.95595, 0.96035, 0.96255, 0.9659, 0.96835, 0.9697, 0.97165, 0.972775, 0.9743, 0.97625, 0.977175, 0.97805, 0.97925, 0.97995, 0.981725, 0.98165, 0.983, 0.983425, 0.98345, 0.985125, 0.985125, 0.985475, 0.986, 0.987325, 0.987675, 0.9891, 0.989075, 0.988875, 0.988575, 0.9896, 0.9902, 0.9904, 0.990425, 0.99095, 0.9917, 0.991475, 0.991225, 0.99235, 0.992825, 0.993525, 0.993325, 0.993625, 0.992975, 0.993925]}