{"val_loss": [0.1490026963748038, 0.1144748834040016, 0.10066558699514717, 0.09500926317477133, 0.08685477100645658, 0.08606962946404237, 0.08351993208183557, 0.08020295210932964, 0.07933407257430954, 0.08015545681086514, 0.0826326833107858, 0.0835066584322296, 0.08547787038787792, 0.08322933303834944, 0.08029811920479697, 0.07958388287519846, 0.0804296627174459, 0.07790050743990923, 0.0847571422969766, 0.08343113086371831, 0.08235819037773418, 0.08282709989566957, 0.08527648644244983, 0.08234254823073024, 0.08242498025947953, 0.08477752427811283, 0.09092413330376621, 0.08720243672446631, 0.08621210589675571, 0.08259830010846508, 0.0860439316065931, 0.08970726160007007, 0.0819442122205347, 0.08465658349788063, 0.0850083295793575, 0.08575085500965515, 0.08644523384021716, 0.08849808938359616, 0.08654457730550785, 0.08671605182213143, 0.08564137934610233, 0.09128954573968054, 0.0888488192251034, 0.09115751522132241, 0.09053693625327146, 0.0909300278245656, 0.09437864176222378, 0.09546784149581108, 0.08881052607343118, 0.0856660922218844], "val_acc": [0.9554, 0.9663, 0.9706, 0.9727, 0.9757, 0.9764, 0.9764, 0.9776, 0.9783, 0.9787, 0.9785, 0.9777, 0.9778, 0.979, 0.9801, 0.9806, 0.9805, 0.981, 0.9791, 0.9802, 0.9806, 0.9795, 0.9808, 0.9809, 0.9822, 0.9805, 0.98, 0.9806, 0.982, 0.9811, 0.9817, 0.9808, 0.9822, 0.9807, 0.982, 0.9816, 0.9825, 0.9817, 0.9818, 0.9815, 0.9815, 0.9821, 0.9814, 0.9816, 0.9818, 0.982, 0.9812, 0.9811, 0.9829, 0.9823], "loss": [0.30552157254815104, 0.13926604752838612, 0.10392026875577867, 0.08263286986928434, 0.07048044415330515, 0.05916760943224653, 0.05186056725000963, 0.04521176111884415, 0.04167418620383832, 0.037182623378722926, 0.0339272555050673, 0.0318405746949371, 0.030448141262691932, 0.026935076258459593, 0.024261291560705285, 0.02315711222845712, 0.021822699361777633, 0.02052600216070423, 0.01938371524264221, 0.016804883892426733, 0.015649357396684355, 0.016327369411288237, 0.014613703801252995, 0.012815158599504502, 0.014131143146913383, 0.01318235432930669, 0.010881095283666218, 0.01205249820285244, 0.011968385397487145, 0.010841280133979309, 0.010762014939087385, 0.010648256609676901, 0.01045494007322959, 0.010301653705475837, 0.009864124703487687, 0.007856907691237938, 0.008892527700000392, 0.008969298147783411, 0.0081874735791891, 0.007256849560129013, 0.0074959370613391, 0.0066460931362129485, 0.006600843605573027, 0.007639899810481438, 0.0066301754166277534, 0.00612281153850854, 0.006964929603445125, 0.00677668642226954, 0.005197504992030371, 0.00562074667185425], "acc": [0.908075, 0.957925, 0.967025, 0.973675, 0.97705, 0.980525, 0.982975, 0.98555, 0.986475, 0.98785, 0.988575, 0.989875, 0.99, 0.99105, 0.992325, 0.992575, 0.9928, 0.99305, 0.9936, 0.994625, 0.99515, 0.994675, 0.995425, 0.995975, 0.9952, 0.99595, 0.99665, 0.99585, 0.9959, 0.9965, 0.9967, 0.996675, 0.99615, 0.9967, 0.9968, 0.9973, 0.99695, 0.9968, 0.997325, 0.997825, 0.99755, 0.99805, 0.998125, 0.997525, 0.99795, 0.998175, 0.99785, 0.99795, 0.99835, 0.998275]}